movieId,title,genres,genre_set,vec,year,rating
1,Toy Story (1995),Adventure|Animation|Children|Comedy|Fantasy,"Set([""Comedy"", ""Children"", ""Fantasy"", ""Animation"", ""Adventure""])","[0.0671316459774971, 0.44908642768859863, 0.515964150428772, 0.027530264109373093, 0.25389906764030457, 0.08215153962373734, 0.08124342560768127, 0.17254121601581573, 0.02121226117014885, 0.27094343304634094, 0.028695691376924515, 0.35338354110717773, 0.16225625574588776, 0.34858906269073486, 1.088714838027954, 0.10164399445056915, 0.07863281667232513, 0.07123962044715881, 0.20133332908153534, 0.01744535006582737, 0.28020769357681274, 0.20746219158172607, 0.05306283384561539, 0.04869185388088226, 0.9898070693016052]",1995,8.3
2,Jumanji (1995),Adventure|Children|Fantasy,"Set([""Children"", ""Fantasy"", ""Adventure""])","[0.055291417986154556, 0.4357445538043976, 0.18359826505184174, 0.02771918661892414, 0.5089824199676514, 0.3396274745464325, 0.05873197689652443, 0.10899079591035843, 0.033214688301086426, 0.0740891844034195, 0.03217703849077225, 0.04751153290271759, 0.262971967458725, 0.0527520589530468, 0.7614306807518005, 0.17246654629707336, 0.1469523310661316, 0.2171405553817749, 0.11012370139360428, 0.01645403727889061, 0.4402722120285034, 0.02747271955013275, 0.026862768456339836, 0.030163198709487915, 0.8560755848884583]",1995,7.0
3,Grumpier Old Men (1995),Comedy|Romance,"Set([""Comedy"", ""Romance""])","[0.058841414749622345, 0.47460347414016724, 0.11878715455532074, 0.0, 0.5178687572479248, 0.22535201907157898, 0.10090063512325287, 0.04721113294363022, 0.025166688486933708, 0.08758103847503662, 0.03141570836305618, 0.10865902900695801, 0.2859850823879242, 0.16919559240341187, 0.7647597789764404, 0.5090824365615845, 0.009986278600990772, 0.14560315012931824, 0.0, 0.0, 0.5170990824699402, 0.01758592575788498, 0.025045238435268402, 0.008068875409662724, 0.6512672305107117]",1995,6.7
4,Waiting to Exhale (1995),Comedy|Drama|Romance,"Set([""Comedy"", ""Romance"", ""Drama""])","[0.034231990575790405, 0.4955090880393982, 0.20346780121326447, 0.19387425482273102, 0.638155996799469, 0.2855667769908905, 0.11880452930927277, 0.07064004987478256, 0.008069120347499847, 0.10431677848100662, 0.015462514944374561, 0.037798017263412476, 0.15349768102169037, 0.0, 0.5892447829246521, 0.32365429401397705, 0.10828845202922821, 0.5532100200653076, 0.2592583894729614, 0.04143461957573891, 0.1870943009853363, 0.28013357520103455, 0.03392266109585762, 0.009606358595192432, 0.4773419499397278]",1995,5.9
5,Father of the Bride Part II (1995),Comedy,"Set([""Comedy""])","[0.021206289529800415, 0.5036512017250061, 0.29932039976119995, 0.031857337802648544, 0.6364704966545105, 0.25014522671699524, 0.07647044211626053, 0.0, 0.02341652475297451, 0.0976320430636406, 0.014390946365892887, 0.0029317291919142008, 0.07776340842247009, 0.034875884652137756, 0.7747484445571899, 0.47772637009620667, 0.02402625046670437, 0.24477455019950867, 0.018593834713101387, 0.00863334909081459, 0.44141915440559387, 0.05342143774032593, 0.009375291876494884, 0.00485568679869175, 0.5880689024925232]",1995,6.0
6,Heat (1995),Action|Crime|Thriller,"Set([""Thriller"", ""Crime"", ""Action""])","[0.0554344542324543, 0.26648327708244324, 0.19637808203697205, 0.0, 0.2868843376636505, 0.05327744036912918, 0.5186418294906616, 0.12042894959449768, 0.00555769307538867, 0.2632790803909302, 0.03099444881081581, 0.5532513856887817, 0.5481597781181335, 0.42046982049942017, 0.4824831187725067, 0.2145240157842636, 0.0, 0.06564062833786011, 0.039885494858026505, 0.00504652364179492, 0.444757878780365, 0.4283562898635864, 0.14263367652893066, 0.02537265419960022, 1.0311318635940552]",1995,8.2
7,Sabrina (1995),Comedy|Romance,"Set([""Comedy"", ""Romance""])","[0.0, 0.3304980397224426, 0.4290105104446411, 0.0470816045999527, 0.7066329717636108, 0.1724739819765091, 0.22395899891853333, 0.004235138650983572, 0.032718319445848465, 0.1300729215145111, 0.02587828040122986, 0.0, 0.036977555602788925, 0.12305191159248352, 0.7158068418502808, 0.33988156914711, 0.005402299575507641, 0.3184201717376709, 0.08049016445875168, 0.026890091598033905, 0.1717255413532257, 0.07026399672031403, 0.02402924746274948, 0.018339715898036957, 0.9303421974182129]",1995,6.3
8,Tom and Huck (1995),Adventure|Children,"Set([""Children"", ""Adventure""])","[0.06572307646274567, 0.3956727385520935, 0.20344898104667664, 0.05363595485687256, 0.6149992346763611, 0.4661002457141876, 0.16936390101909637, 0.12825287878513336, 0.06345903873443604, 0.03330964967608452, 0.07382087409496307, 0.07599510997533798, 0.15966670215129852, 0.06661874055862427, 0.6806503534317017, 0.390044242143631, 0.1943780779838562, 0.3633080720901489, 0.14176148176193237, 0.03674684092402458, 0.3738877475261688, 0.04820345342159271, 0.05439196154475212, 0.04476170614361763, 0.5671967267990112]",1995,5.5
9,Sudden Death (1995),Action,"Set([""Action""])","[0.06127564609050751, 0.45030611753463745, 0.08784720301628113, 0.05495159700512886, 0.39930057525634766, 0.42857909202575684, 0.0, 0.05285590514540672, 0.026173556223511696, 0.06213916465640068, 0.02902093343436718, 0.02267840877175331, 0.27646979689598083, 0.043983105570077896, 0.21888627111911774, 0.3554157614707947, 0.1110314130783081, 0.21407891809940338, 0.0835803672671318, 0.02347099594771862, 0.6433199048042297, 0.013998192735016346, 0.0303837638348341, 0.03739657998085022, 0.903233528137207]",1995,5.8
10,GoldenEye (1995),Action|Adventure|Thriller,"Set([""Thriller"", ""Action"", ""Adventure""])","[0.04720732197165489, 0.09126085788011551, 0.2019527703523636, 0.011780221946537495, 0.27057740092277527, 0.24044272303581238, 0.2467108517885208, 0.08887865394353867, 0.033151883631944656, 0.2700843811035156, 0.03648955374956131, 0.24817679822444916, 0.2371433526277542, 0.23605526983737946, 0.600548267364502, 0.27691081166267395, 0.055166590958833694, 0.10532332956790924, 0.05204571411013603, 0.01592204160988331, 0.5438836812973022, 0.06652714312076569, 0.058157142251729965, 0.030882788822054863, 1.098848581314087]",1995,7.2
11,"American President, The (1995)",Comedy|Drama|Romance,"Set([""Comedy"", ""Romance"", ""Drama""])","[0.010439940728247166, 0.4434869587421417, 0.44921475648880005, 0.07331915944814682, 0.5978122353553772, 0.11742553859949112, 0.21977318823337555, 0.011438651010394096, 0.021217916160821915, 0.1797865778207779, 0.014409889467060566, 0.1297045648097992, 0.06787969172000885, 0.1380741447210312, 0.7546455264091492, 0.35137683153152466, 0.010563528165221214, 0.2461923211812973, 0.05566181242465973, 0.015421116724610329, 0.27919113636016846, 0.21043315529823303, 0.01529681496322155, 0.002713865600526333, 1.0090768337249756]",1995,6.8
12,Dracula: Dead and Loving It (1995),Comedy|Horror,"Set([""Comedy"", ""Horror""])","[0.0921749398112297, 0.0, 0.0, 0.0, 0.42426297068595886, 0.7656369805335999, 0.15829458832740784, 0.18106384575366974, 0.04667926952242851, 0.28558918833732605, 0.07804147899150848, 0.0, 0.4700985252857208, 0.1738976538181305, 0.5037210583686829, 0.10061480849981308, 0.26401007175445557, 0.04730529710650444, 0.08270187675952911, 0.01192518975585699, 0.6628961563110352, 0.0, 0.12077515572309494, 0.052891261875629425, 0.42329666018486023]",1995,5.9
13,Balto (1995),Adventure|Animation|Children,"Set([""Children"", ""Animation"", ""Adventure""])","[0.08440270274877548, 0.32461732625961304, 0.30778029561042786, 0.03131815046072006, 0.5053694248199463, 0.364875853061676, 0.18055906891822815, 0.24303193390369415, 0.07195998728275299, 0.00446229288354516, 0.08443302661180496, 0.13564330339431763, 0.09933102130889893, 0.14992645382881165, 0.8455999493598938, 0.21401678025722504, 0.26653799414634705, 0.3239825367927551, 0.23457704484462738, 0.034810736775398254, 0.2566816210746765, 0.05829399451613426, 0.0806003138422966, 0.06697768718004227, 0.6921334266662598]",1995,7.1
14,Nixon (1995),Drama,"Set([""Drama""])","[0.14163516461849213, 0.5704691410064697, 0.19236934185028076, 0.0, 0.4413173794746399, 0.02875424735248089, 0.28530099987983704, 0.2797652781009674, 0.013647928833961487, 0.22792349755764008, 0.07151688635349274, 0.3528750240802765, 0.4882619380950928, 0.34999871253967285, 0.4393702745437622, 0.00794682651758194, 0.04311179742217064, 0.16898231208324432, 0.2620958089828491, 0.07244674861431122, 0.13238070905208588, 0.4733090400695801, 0.21373668313026428, 0.03675949573516846, 0.824554443359375]",1995,7.1
15,Cutthroat Island (1995),Action|Adventure|Romance,"Set([""Romance"", ""Action"", ""Adventure""])","[0.027330046519637108, 0.1316239833831787, 0.0, 0.03701635077595711, 0.5273024439811707, 0.576836109161377, 0.06514009088277817, 0.05879643186926842, 0.04371153563261032, 0.09195943921804428, 0.018348993733525276, 0.0, 0.23697790503501892, 0.0, 0.474179208278656, 0.2216632068157196, 0.21273554861545563, 0.33300521969795227, 0.05645088478922844, 0.014465508982539177, 0.44564905762672424, 0.0, 0.0, 0.023055609315633774, 0.8139309287071228]",1995,5.7
16,Casino (1995),Crime|Drama,"Set([""Drama"", ""Crime""])","[0.08753586560487747, 0.3129679560661316, 0.15207628905773163, 0.015524812042713165, 0.21237163245677948, 0.0815451517701149, 0.44134721159935, 0.20632272958755493, 0.005562773440033197, 0.3039512634277344, 0.037059612572193146, 0.5967922806739807, 0.6995983719825745, 0.41987714171409607, 0.5330818295478821, 0.2084125578403473, 0.021107597276568413, 0.07097410410642624, 0.07352710515260696, 0.02241559326648712, 0.40362924337387085, 0.5012881755828857, 0.15405955910682678, 0.030582047998905182, 0.8665982484817505]",1995,8.2
17,Sense and Sensibility (1995),Drama|Romance,"Set([""Romance"", ""Drama""])","[0.0013063313672319055, 0.3566441535949707, 0.6594526171684265, 0.12836572527885437, 0.6039503812789917, 0.0037368852645158768, 0.2363666445016861, 0.09896096587181091, 0.015718383714556694, 0.377074271440506, 0.046276893466711044, 0.04784594848752022, 0.02871015854179859, 0.3895286023616791, 0.8383147120475769, 0.0, 0.023336749523878098, 0.41801944375038147, 0.45984891057014465, 0.10804460942745209, 0.0, 0.5566602945327759, 0.08588695526123047, 0.0934775173664093, 0.9223309755325317]",1995,7.6
18,Four Rooms (1995),Comedy,"Set([""Comedy""])","[0.0, 0.0, 0.0, 0.0, 0.2930067479610443, 0.2759456932544708, 0.5767325758934021, 0.21224378049373627, 0.006004197522997856, 0.3745640218257904, 0.004736213479191065, 0.18981625139713287, 1.0089247226715088, 0.15124063193798065, 0.6221292018890381, 0.15110079944133759, 0.07682283222675323, 0.067439004778862, 0.0, 0.0042109256610274315, 0.29979121685028076, 0.2410796880722046, 0.06189735233783722, 0.0015368455788120627, 0.7241663336753845]",1995,6.8
19,Ace Ventura: When Nature Calls (1995),Comedy,"Set([""Comedy""])","[0.08571859449148178, 0.236916646361351, 0.0, 0.0, 0.0738225057721138, 0.2843991219997406, 0.14463180303573608, 0.0, 0.012887687422335148, 0.35227712988853455, 0.02025808021426201, 0.14382843673229218, 0.6020855903625488, 0.1841600239276886, 0.7539750933647156, 0.23676703870296478, 0.07905953377485275, 0.0028342576697468758, 0.0, 0.01092479657381773, 1.1137248277664185, 0.0, 0.035692524164915085, 0.012338049709796906, 0.19428493082523346]",1995,6.4
20,Money Train (1995),Action|Comedy|Crime|Drama|Thriller,"Set([""Thriller"", ""Comedy"", ""Drama"", ""Crime"", ""Action""])","[0.01677768863737583, 0.3558928668498993, 0.009842040948569775, 0.033395763486623764, 0.5094764828681946, 0.37383002042770386, 0.1994200348854065, 0.0, 0.021242015063762665, 0.09795570373535156, 0.00996923353523016, 0.05291426181793213, 0.38673391938209534, 0.018747277557849884, 0.3233860731124878, 0.38948166370391846, 0.08153674006462097, 0.21055999398231506, 0.01642652042210102, 0.01089268084615469, 0.6065859794616699, 0.07286054641008377, 0.01563548482954502, 0.003845621831715107, 0.77414870262146]",1995,5.7
21,Get Shorty (1995),Comedy|Crime|Thriller,"Set([""Thriller"", ""Comedy"", ""Crime""])","[0.016057150438427925, 0.39424678683280945, 0.27068009972572327, 0.08210097998380661, 0.1790100485086441, 0.13047616183757782, 0.15693844854831696, 0.11449332535266876, 0.01046051550656557, 0.5177885890007019, 0.02906789444386959, 0.17833904922008514, 0.39967450499534607, 0.4275858700275421, 0.6122400760650635, 0.1100412979722023, 0.0012961301254108548, 0.11419593542814255, 0.19777318835258484, 0.062048207968473434, 0.176088348031044, 0.44873347878456116, 0.09737376123666763, 0.04310779273509979, 1.0018709897994995]",1995,6.9
22,Copycat (1995),Crime|Drama|Horror|Mystery|Thriller,"Set([""Thriller"", ""Mystery"", ""Drama"", ""Crime"", ""Horror""])","[0.029851458966732025, 0.4789934754371643, 0.19032831490039825, 0.07019326835870743, 0.5073524117469788, 0.19188793003559113, 0.18446189165115356, 0.06741027534008026, 0.007647307589650154, 0.14592333137989044, 0.0058376663364470005, 0.17207232117652893, 0.4068836569786072, 0.03594483062624931, 0.43764397501945496, 0.34500735998153687, 0.06479191035032272, 0.349793016910553, 0.09850107133388519, 0.013476328924298286, 0.3895479738712311, 0.22855888307094574, 0.02608500048518181, 0.011906933039426804, 0.9650349020957947]",1995,6.6
23,Assassins (1995),Action|Crime|Thriller,"Set([""Thriller"", ""Crime"", ""Action""])","[0.014494103379547596, 0.23450976610183716, 0.029486389830708504, 0.011905081570148468, 0.49390503764152527, 0.38169288635253906, 0.28576135635375977, 0.00032911202288232744, 0.025392161682248116, 0.10252510011196136, 0.004955046810209751, 0.12410354614257812, 0.4296262562274933, 0.047859031707048416, 0.3597043454647064, 0.3373371958732605, 0.08487816154956818, 0.21033820509910583, 0.0, 0.002263810485601425, 0.6285746097564697, 0.04804074391722679, 0.012432742863893509, 0.000668022723402828, 0.9161895513534546]",1995,6.3
24,Powder (1995),Drama|Sci-Fi,"Set([""Sci-Fi"", ""Drama""])","[0.02456805855035782, 0.32989510893821716, 0.048317886888980865, 0.05940797179937363, 0.6631425619125366, 0.28728511929512024, 0.3021166920661926, 0.13446353375911713, 0.016979530453681946, 0.0, 0.04205318167805672, 0.003672427963465452, 0.45473426580429077, 0.0, 0.5836222767829895, 0.17211520671844482, 0.11051680892705917, 0.37635064125061035, 0.054368119686841965, 0.020614515990018845, 0.26329323649406433, 0.1606815606355667, 0.035487785935401917, 0.015959348529577255, 0.8949490189552307]",1995,6.6
25,Leaving Las Vegas (1995),Drama|Romance,"Set([""Romance"", ""Drama""])","[0.04290751367807388, 0.5422787070274353, 0.03733892738819122, 0.0640806257724762, 0.21621036529541016, 0.002126188948750496, 0.23022876679897308, 0.20083871483802795, 0.0, 0.37907424569129944, 0.006828636862337589, 0.37355247139930725, 0.7502917051315308, 0.43848419189453125, 0.5988366007804871, 0.0, 0.0, 0.15729093551635742, 0.255386084318161, 0.09457527101039886, 0.08508377522230148, 0.8202966451644897, 0.15696412324905396, 0.05327964574098587, 0.7715120911598206]",1995,7.5
26,Othello (1995),Drama,"Set([""Drama""])","[0.0010292216902598739, 0.20850247144699097, 0.26492199301719666, 0.0732700452208519, 0.44581496715545654, 0.13602076470851898, 0.31817665696144104, 0.16794076561927795, 0.020564807578921318, 0.19462639093399048, 0.0760193020105362, 0.044987913221120834, 0.363246351480484, 0.31984251737594604, 0.6941419839859009, 0.048128001391887665, 0.03965716436505318, 0.3103731870651245, 0.30221065878868103, 0.12229044735431671, 0.0009451087098568678, 0.44338855147361755, 0.08682432025671005, 0.065412238240242, 1.0567322969436646]",1995,6.9
27,Now and Then (1995),Children|Drama,"Set([""Children"", ""Drama""])","[0.0, 0.30606478452682495, 0.21424321830272675, 0.09299518913030624, 0.7611950039863586, 0.3062732219696045, 0.3295358717441559, 0.06948722153902054, 0.005088064819574356, 0.16934289038181305, 0.0, 0.0468977615237236, 0.33501267433166504, 0.0, 0.8261218667030334, 0.4018963575363159, 0.13388577103614807, 0.370116263628006, 0.10274869203567505, 0.0007561988895758986, 0.3320070505142212, 0.18528878688812256, 0.002055804943665862, 0.0, 0.5499165058135986]",1995,6.8
28,Persuasion (1995),Drama|Romance,"Set([""Romance"", ""Drama""])","[0.025100568309426308, 0.178019717335701, 0.6347145438194275, 0.1663779616355896, 0.43535250425338745, 0.11393261700868607, 0.26156654953956604, 0.22631080448627472, 0.033938921988010406, 0.47744220495224, 0.0904189869761467, 0.09365081042051315, 0.06225630268454552, 0.40581363439559937, 0.7860357165336609, 0.07045663148164749, 0.05348016321659088, 0.39916884899139404, 0.48393574357032776, 0.1368289291858673, 0.0, 0.5080384016036987, 0.15244318544864655, 0.11891017109155655, 0.9598104357719421]",1995,8.9
29,"City of Lost Children, The (Cité des enfants perdus, La) (1995)",Adventure|Drama|Fantasy|Mystery|Sci-Fi,"Set([""Sci-Fi"", ""Mystery"", ""Fantasy"", ""Drama"", ""Adventure""])","[0.048344001173973083, 0.015766527503728867, 0.15786002576351166, 0.06065282225608826, 0.11939308047294617, 0.1281350702047348, 0.3889074921607971, 0.5288560390472412, 0.0022380552254617214, 0.501484215259552, 0.06689713895320892, 0.21454422175884247, 0.6746312379837036, 0.4360499083995819, 0.8028656244277954, 0.0, 0.09499021619558334, 0.14758549630641937, 0.3435470461845398, 0.08814110606908798, 0.0, 0.503294825553894, 0.20050764083862305, 0.10078251361846924, 0.9037706255912781]",1995,7.6
30,Shanghai Triad (Yao a yao yao dao waipo qiao) (1995),Crime|Drama,"Set([""Drama"", ""Crime""])","[0.09917221963405609, 0.2943076491355896, 0.3076711595058441, 0.15223678946495056, 0.24657028913497925, 0.16685065627098083, 0.3709866404533386, 0.4322006106376648, 0.02679540030658245, 0.38078251481056213, 0.14544948935508728, 0.19795235991477966, 0.4022015333175659, 0.4093972444534302, 0.5345497727394104, 0.05849269777536392, 0.05159024894237518, 0.37009477615356445, 0.42992398142814636, 0.21221823990345, 0.0051065972074866295, 0.5365645885467529, 0.2520710527896881, 0.1266191601753235, 0.8000503182411194]",1995,7.1
31,Dangerous Minds (1995),Drama,"Set([""Drama""])","[0.0031924541108310223, 0.3583451509475708, 0.1948923021554947, 0.07202167809009552, 0.7151076197624207, 0.2822587788105011, 0.31070759892463684, 0.033957622945308685, 0.01520571205765009, 0.08149658888578415, 0.015233922749757767, 0.03573665767908096, 0.3168678879737854, 0.002398435026407242, 0.6079829931259155, 0.34320876002311707, 0.07055780291557312, 0.32172805070877075, 0.06499587744474411, 0.015034554526209831, 0.4142377972602844, 0.2027091681957245, 0.030801910907030106, 0.004118631593883038, 0.7588074207305908]",1995,6.5
32,Twelve Monkeys (a.k.a. 12 Monkeys) (1995),Mystery|Sci-Fi|Thriller,"Set([""Sci-Fi"", ""Thriller"", ""Mystery""])","[0.06986190378665924, 0.10874132066965103, 0.14336919784545898, 0.0033789456356316805, 0.20432111620903015, 0.11698690056800842, 0.43874460458755493, 0.33599963784217834, 0.004367588087916374, 0.4200696051120758, 0.03764684125781059, 0.3617557883262634, 0.7450351119041443, 0.3850522041320801, 0.673797607421875, 0.0, 0.06586073338985443, 0.06288262456655502, 0.14821971952915192, 0.0025301151908934116, 0.17036525905132294, 0.4006100296974182, 0.1666092723608017, 0.05330783501267433, 1.0508309602737427]",1995,8.0
33,Wings of Courage (1995),Adventure|Romance|IMAX,"Set([""Romance"", ""IMAX"", ""Adventure""])","[0.07484585791826248, 0.14687205851078033, 0.41971471905708313, 0.0, 0.5662107467651367, 0.17922264337539673, 0.6982700228691101, 0.2644142210483551, 0.06200341880321503, 0.28450021147727966, 0.03972596302628517, 0.016062984243035316, 0.17191073298454285, 0.18754182755947113, 0.6751387119293213, 0.32670044898986816, 0.044344212859869, 0.18568792939186096, 0.03477821126580238, 0.0, 0.42536431550979614, 0.02634279429912567, 0.007947375997900963, 0.001513756113126874, 0.6368643045425415]",1995,6.4
34,Babe (1995),Children|Drama,"Set([""Children"", ""Drama""])","[0.10116664320230484, 0.828509509563446, 0.6145569086074829, 0.13708600401878357, 0.14524702727794647, 0.0736841931939125, 0.0, 0.22088177502155304, 0.03516649454832077, 0.28041690587997437, 0.08697416633367538, 0.02833458036184311, 0.0002889558090828359, 0.3519408404827118, 0.8857546448707581, 0.044217586517333984, 0.055748265236616135, 0.26901987195014954, 0.43111878633499146, 0.10496839135885239, 0.0541733056306839, 0.34351298213005066, 0.0894080176949501, 0.12380426377058029, 0.9228343963623047]",1995,6.7
35,Carrington (1995),Drama|Romance,"Set([""Romance"", ""Drama""])","[0.028375567868351936, 0.3017641305923462, 0.14686676859855652, 0.1510777473449707, 0.501152515411377, 0.13921530544757843, 0.22942903637886047, 0.28285470604896545, 0.011853373609483242, 0.2816963791847229, 0.10916747897863388, 0.0, 0.41759738326072693, 0.31281498074531555, 0.4916549026966095, 0.0, 0.04034721851348877, 0.371491014957428, 0.4791078567504883, 0.18275675177574158, 0.0, 0.6690033674240112, 0.2097727507352829, 0.12805107235908508, 0.8076410293579102]",1995,6.8
36,Dead Man Walking (1995),Crime|Drama,"Set([""Drama"", ""Crime""])","[0.018376484513282776, 0.5790982246398926, 0.32158440351486206, 0.09865707159042358, 0.4588008224964142, 0.006095116958022118, 0.29102933406829834, 0.16204234957695007, 9.898133430397138e-5, 0.29388877749443054, 0.04244444519281387, 0.243381530046463, 0.3656959533691406, 0.3848721385002136, 0.7168375849723816, 0.03172197937965393, 0.014731897972524166, 0.2566770017147064, 0.3122353255748749, 0.07406675070524216, 0.09503969550132751, 0.717231035232544, 0.11601227521896362, 0.0548894964158535, 0.9108160138130188]",1995,7.5
37,Across the Sea of Time (1995),Documentary|IMAX,"Set([""IMAX"", ""Documentary""])","[0.09635722637176514, 0.5273700952529907, 0.4728982746601105, 0.051686014980077744, 0.8070064187049866, 0.2871897220611572, 0.7598214149475098, 0.011748841032385826, 0.057520147413015366, 0.0, 0.059021685272455215, 0.170118048787117, 0.25734394788742065, 0.3911575973033905, 0.36817285418510437, 0.11830957233905792, 0.17988689243793488, 0.37806496024131775, 0.0, 0.01745137944817543, 0.20545139908790588, 0.13200223445892334, 0.0, 0.017354002222418785, 0.6286752820014954]",1995,6.1
38,It Takes Two (1995),Children|Comedy,"Set([""Comedy"", ""Children""])","[0.062420763075351715, 0.4038867652416229, 0.20607809722423553, 0.0705246552824974, 0.8900275826454163, 0.6567960381507874, 0.08123411238193512, 0.14445625245571136, 0.06765556335449219, 0.0, 0.06208212301135063, 0.0, 0.038386330008506775, 0.0, 0.6433435678482056, 0.5466861724853516, 0.2943568527698517, 0.567071795463562, 0.23586833477020264, 0.03691587597131729, 0.39816826581954956, 0.0, 0.030431604012846947, 0.046220049262046814, 0.14429707825183868]",1995,5.9
39,Clueless (1995),Comedy|Romance,"Set([""Comedy"", ""Romance""])","[0.05071389302611351, 0.39848318696022034, 0.5629274249076843, 0.17923998832702637, 0.22471816837787628, 0.1921035796403885, 0.0007981156813912094, 0.1857021450996399, 0.005537957884371281, 0.6148631572723389, 0.017775988206267357, 0.07071348279714584, 0.21635764837265015, 0.13363686203956604, 0.8415074944496155, 0.3831072151660919, 0.06233572959899902, 0.35202544927597046, 0.3295172154903412, 0.06724497675895691, 0.18481531739234924, 0.3461971879005432, 0.07992686331272125, 0.04999304190278053, 0.6655522584915161]",1995,6.8
40,"Cry, the Beloved Country (1995)",Drama,"Set([""Drama""])","[0.0015524931950494647, 0.33167049288749695, 0.29277369379997253, 0.13246949017047882, 0.5155826210975647, 0.20889461040496826, 0.33584079146385193, 0.20398066937923431, 0.034084219485521317, 0.2394796460866928, 0.14400418102741241, 0.0, 0.07361862808465958, 0.35299816727638245, 0.5820198655128479, 0.21842551231384277, 0.05805700644850731, 0.5251373052597046, 0.482899010181427, 0.22456908226013184, 0.0, 0.5067475438117981, 0.155234694480896, 0.09498810768127441, 0.9217041730880737]",1995,6.8
41,Richard III (1995),Drama|War,"Set([""War"", ""Drama""])","[0.04080196097493172, 0.14807218313217163, 0.34563136100769043, 0.10215526819229126, 0.2390981763601303, 0.10285462439060211, 0.2879486680030823, 0.3415462076663971, 0.019763587042689323, 0.46734821796417236, 0.09676019102334976, 0.19294321537017822, 0.31933313608169556, 0.4991609752178192, 0.6525883674621582, 0.0, 0.041929859668016434, 0.2169218212366104, 0.4233163893222809, 0.13772271573543549, 0.0, 0.5600409507751465, 0.19397857785224915, 0.11262375861406326, 1.026586890220642]",1995,7.4
42,Dead Presidents (1995),Action|Crime|Drama,"Set([""Drama"", ""Crime"", ""Action""])","[0.08870403468608856, 0.30921268463134766, 0.026914771646261215, 0.0760980173945427, 0.27430087327957153, 0.25332921743392944, 0.3016422390937805, 0.1981610655784607, 0.011997519060969353, 0.297311395406723, 0.03989455848932266, 0.3018730878829956, 0.6647006869316101, 0.18657849729061127, 0.3710663914680481, 0.2268706113100052, 0.09031454473733902, 0.2337356060743332, 0.153731569647789, 0.05327388271689415, 0.3809831142425537, 0.35743460059165955, 0.13016659021377563, 0.044197700917720795, 0.6692817211151123]",1995,6.9
43,Restoration (1995),Drama,"Set([""Drama""])","[0.039437487721443176, 0.24321673810482025, 0.19725927710533142, 0.06918961554765701, 0.4143407344818115, 0.21022143959999084, 0.3388700783252716, 0.16160356998443604, 0.018770817667245865, 0.25584036111831665, 0.04441392049193382, 0.1401168406009674, 0.44302070140838623, 0.1924532949924469, 0.5217798352241516, 0.13831929862499237, 0.06077983230352402, 0.4333721101284027, 0.25131258368492126, 0.13582424819469452, 0.10714557021856308, 0.3561614453792572, 0.06253059208393097, 0.04165703058242798, 0.9748233556747437]",1995,6.6
44,Mortal Kombat (1995),Action|Adventure|Fantasy,"Set([""Fantasy"", ""Action"", ""Adventure""])","[0.05763258412480354, 0.30678078532218933, 0.0, 0.0, 0.051413003355264664, 0.6367062926292419, 0.0, 0.021275250241160393, 0.016850564628839493, 0.15899989008903503, 0.0, 0.0, 0.3251783549785614, 0.0, 0.527643620967865, 0.16493865847587585, 0.26880162954330444, 0.22751949727535248, 0.039271775633096695, 0.0, 0.6755295395851135, 0.0, 0.0, 0.014352090656757355, 0.7448732256889343]",1995,5.8
45,To Die For (1995),Comedy|Drama|Thriller,"Set([""Thriller"", ""Comedy"", ""Drama""])","[0.113039530813694, 0.4595203101634979, 0.365434467792511, 0.1499699354171753, 0.13597653806209564, 0.14397500455379486, 0.059512659907341, 0.37314504384994507, 0.008328912779688835, 0.5373252630233765, 0.06202609837055206, 0.229215607047081, 0.4733854830265045, 0.28146326541900635, 0.5200337767601013, 0.09024881571531296, 0.06181428208947182, 0.25429123640060425, 0.3775653541088104, 0.08513811230659485, 0.03527155891060829, 0.6025208234786987, 0.21522657573223114, 0.08296388387680054, 0.7199395298957825]",1995,6.8
46,How to Make an American Quilt (1995),Drama|Romance,"Set([""Romance"", ""Drama""])","[0.0, 0.4721840023994446, 0.16073282063007355, 0.1359921395778656, 0.7915531992912292, 0.1953423023223877, 0.276009202003479, 0.024396078661084175, 0.009736609645187855, 0.10913752764463425, 0.030024342238903046, 0.0, 0.24669945240020752, 0.04581661894917488, 0.6656327247619629, 0.21684299409389496, 0.03553071990609169, 0.4178639054298401, 0.1895710527896881, 0.07053926587104797, 0.12423652410507202, 0.3635129928588867, 0.0259977076202631, 0.018359847366809845, 0.6872777342796326]",1995,6.3
47,Seven (a.k.a. Se7en) (1995),Mystery|Thriller,"Set([""Thriller"", ""Mystery""])","[0.05575016513466835, 0.2763582170009613, 0.12743781507015228, 0.009915669448673725, 0.2680964767932892, 0.07354816049337387, 0.5005748271942139, 0.18950720131397247, 0.0, 0.28664496541023254, 0.0, 0.6146802306175232, 0.7823328971862793, 0.3020378649234772, 0.6387585997581482, 0.17882031202316284, 0.0451677180826664, 0.11702914535999298, 0.0611785426735878, 0.0, 0.36913636326789856, 0.4913116693496704, 0.0932406336069107, 0.011557775549590588, 0.9846965074539185]",1995,8.6
48,Pocahontas (1995),Animation|Children|Drama|Musical|Romance,"Set([""Romance"", ""Children"", ""Drama"", ""Animation"", ""Musical""])","[0.06887110322713852, 0.4309568703174591, 0.37569814920425415, 0.008406462147831917, 0.7366828322410583, 0.24560381472110748, 0.0775684118270874, 0.12003965675830841, 0.04140317067503929, 0.0, 0.038700129836797714, 0.19597499072551727, 0.07938896119594574, 0.0, 0.8676434755325317, 0.048314593732357025, 0.19654278457164764, 0.3066515624523163, 0.20430201292037964, 0.012252033688127995, 0.2726367712020874, 0.03694310039281845, 0.07296190410852432, 0.03620582073926926, 0.5115322470664978]",1995,6.7
49,When Night Is Falling (1995),Drama|Romance,"Set([""Romance"", ""Drama""])","[0.0, 0.03130250796675682, 0.2512992322444916, 0.2432761788368225, 0.42126259207725525, 0.22923824191093445, 0.3177085220813751, 0.2935261130332947, 0.0, 0.7108951210975647, 0.026690946891903877, 0.0, 0.4718882441520691, 0.07048187404870987, 0.6254732608795166, 0.23095430433750153, 0.012760472483932972, 0.5113174915313721, 0.26106172800064087, 0.10707657039165497, 0.0, 0.492188036441803, 0.11303677409887314, 0.03454133868217468, 0.850376307964325]",1995,6.5
50,"Usual Suspects, The (1995)",Crime|Mystery|Thriller,"Set([""Thriller"", ""Mystery"", ""Crime""])","[0.004997676238417625, 0.2795203626155853, 0.28488683700561523, 0.057759106159210205, 0.2163047343492508, 0.02886725403368473, 0.4346296787261963, 0.13985112309455872, 0.0, 0.4355654716491699, 0.012729509733617306, 0.4454459547996521, 0.5498748421669006, 0.451580673456192, 0.7839018106460571, 0.15533427894115448, 0.0016663657734170556, 0.12537087500095367, 0.13528594374656677, 0.04087609797716141, 0.22900766134262085, 0.5572657585144043, 0.06629786640405655, 0.029049914330244064, 1.1769601106643677]",1995,8.5
52,Mighty Aphrodite (1995),Comedy|Drama|Romance,"Set([""Comedy"", ""Romance"", ""Drama""])","[0.03778930753469467, 0.4230932891368866, 0.21104300022125244, 0.10154497623443604, 0.29546159505844116, 0.10279294103384018, 0.20415924489498138, 0.20194995403289795, 0.00534050865098834, 0.4755905270576477, 0.05368047580122948, 0.14865460991859436, 0.4860121011734009, 0.4266064167022705, 0.6493580937385559, 0.045068733394145966, 0.0014643790200352669, 0.2084118276834488, 0.3095244765281677, 0.12224098294973373, 0.04405485466122627, 0.634850800037384, 0.1642817109823227, 0.05807530879974365, 0.7482258081436157]",1995,7.0
53,Lamerica (1994),Adventure|Drama,"Set([""Drama"", ""Adventure""])","[0.09019589424133301, 0.24059604108333588, 0.492233544588089, 0.18057510256767273, 0.08178091049194336, 0.040582627058029175, 0.4290969967842102, 0.42856070399284363, 0.006428532302379608, 0.44044554233551025, 0.20876947045326233, 0.16679613292217255, 0.2528707683086395, 0.429656982421875, 0.4379192888736725, 0.10851790755987167, 0.049846697598695755, 0.30336812138557434, 0.5911307334899902, 0.21800774335861206, 0.11259058862924576, 0.769294798374176, 0.4519590139389038, 0.19992241263389587, 0.7672103643417358]",1994,7.5
54,"Big Green, The (1995)",Children|Comedy,"Set([""Comedy"", ""Children""])","[0.05607564374804497, 0.40450698137283325, 0.20335522294044495, 0.05919874086976051, 0.6145638823509216, 0.5566847324371338, 0.11959102004766464, 0.06593462824821472, 0.07163619250059128, 0.0, 0.04907326400279999, 0.04967929422855377, 0.025473259389400482, 0.008503912016749382, 0.7578622698783875, 0.4519990384578705, 0.24864356219768524, 0.3218056559562683, 0.05637304484844208, 0.020894696936011314, 0.40796902775764465, 0.0, 0.0007801355677656829, 0.016709908843040466, 0.327339768409729]",1995,5.6
55,Georgia (1995),Drama,"Set([""Drama""])","[0.09845761954784393, 0.44281041622161865, 0.20171982049942017, 0.15698367357254028, 0.28859367966651917, 0.21731364727020264, 0.19876940548419952, 0.38786134123802185, 0.029215214774012566, 0.253950297832489, 0.1499732881784439, 0.23427404463291168, 0.3683263957500458, 0.2721680998802185, 0.44311287999153137, 0.0649346262216568, 0.07667321711778641, 0.40264493227005005, 0.32902055978775024, 0.16106371581554413, 0.15252891182899475, 0.5790455937385559, 0.30110275745391846, 0.12339048087596893, 0.6133047938346863]",1995,6.6
56,Kids of the Round Table (1995),Adventure|Children|Fantasy,"Set([""Children"", ""Fantasy"", ""Adventure""])","[0.00943851936608553, 0.35288187861442566, 0.0, 0.0, 0.6234238147735596, 0.5664010643959045, 0.017482616007328033, 0.0, 0.021282557398080826, 0.03239396587014198, 0.0, 0.0, 0.038075827062129974, 0.0, 0.38665446639060974, 0.2646060287952423, 0.35108140110969543, 0.5868048071861267, 0.11617863923311234, 0.0, 0.29572758078575134, 0.0, 0.0, 0.003962252289056778, 0.3075002431869507]",1995,4.8
57,Home for the Holidays (1995),Drama,"Set([""Drama""])","[0.0, 0.22094962000846863, 0.21695223450660706, 0.15514470636844635, 0.4502902328968048, 0.16642604768276215, 0.35373371839523315, 0.19375647604465485, 0.000845549046061933, 0.42698878049850464, 0.022782549262046814, 0.037319082766771317, 0.42325150966644287, 0.17114096879959106, 0.6830233335494995, 0.177364319562912, 0.031743213534355164, 0.323355108499527, 0.22942154109477997, 0.0694912001490593, 0.00863462034612894, 0.503041684627533, 0.09337309002876282, 0.02031802386045456, 0.7288331985473633]",1995,6.6
58,"Postman, The (Postino, Il) (1994)",Comedy|Drama|Romance,"Set([""Comedy"", ""Romance"", ""Drama""])","[0.0, 0.418306827545166, 0.3359425961971283, 0.17237885296344757, 0.48802992701530457, 0.03288237005472183, 0.3071568012237549, 0.13292621076107025, 0.010801134631037712, 0.32902640104293823, 0.0956711545586586, 0.003696592291817069, 0.29832062125205994, 0.4757089614868164, 0.7475594878196716, 0.0, 0.0, 0.3265588879585266, 0.3701305687427521, 0.1896572709083557, 0.0, 0.8215527534484863, 0.10428488254547119, 0.09107555449008942, 0.9199166893959045]",1994,7.7
59,"Confessional, The (Confessionnal, Le) (1995)",Drama|Mystery,"Set([""Mystery"", ""Drama""])","[0.04304509982466698, 0.20654110610485077, 0.14018915593624115, 0.2380162626504898, 0.29378068447113037, 0.05696782097220421, 0.5551761984825134, 0.5206255912780762, 0.0, 0.40118634700775146, 0.06666416674852371, 0.19267533719539642, 0.571954071521759, 0.3207269012928009, 0.3765563666820526, 0.0, 0.05202474445104599, 0.28894004225730896, 0.4197753667831421, 0.16050274670124054, 0.0, 0.923785388469696, 0.23187001049518585, 0.09910555183887482, 0.7736039757728577]",1995,7.5
60,"Indian in the Cupboard, The (1995)",Adventure|Children|Fantasy,"Set([""Children"", ""Fantasy"", ""Adventure""])","[0.07387305796146393, 0.5729765892028809, 0.2725653052330017, 0.08773493021726608, 0.47021961212158203, 0.2654116749763489, 0.004808406811207533, 0.18802665174007416, 0.05491947382688522, 0.07955888658761978, 0.0949115976691246, 0.0, 0.08738019317388535, 0.14982494711875916, 0.6751716136932373, 0.0947330966591835, 0.14725251495838165, 0.39944711327552795, 0.2983297109603882, 0.07948672026395798, 0.14303188025951385, 0.20702087879180908, 0.0815199762582779, 0.0869046300649643, 0.7880722284317017]",1995,6.0
61,Eye for an Eye (1996),Drama|Thriller,"Set([""Thriller"", ""Drama""])","[0.007962188683450222, 0.45789116621017456, 0.1192735880613327, 0.07728011906147003, 0.7144699692726135, 0.21562092006206512, 0.2609717845916748, 0.008973550982773304, 0.01293229777365923, 0.0, 0.0015079169534146786, 0.12073644250631332, 0.2760372757911682, 0.0, 0.43451082706451416, 0.6681005954742432, 0.08522872626781464, 0.4418469965457916, 0.024567142128944397, 0.0, 0.36384519934654236, 0.06728973984718323, 0.0, 0.0, 0.7864938974380493]",1996,6.2
62,Mr. Holland's Opus (1995),Drama,"Set([""Drama""])","[0.005025102291256189, 0.591989278793335, 0.2867206335067749, 0.028964513912796974, 0.8130582571029663, 0.08683319389820099, 0.32032695412635803, 0.0, 0.022700229659676552, 0.0, 0.023194551467895508, 0.12974698841571808, 0.10416997969150543, 0.13649994134902954, 0.8419474363327026, 0.22296203672885895, 0.017961911857128143, 0.19388437271118164, 0.0, 0.012822817079722881, 0.2679917812347412, 0.20845328271389008, 0.0, 0.0006978492601774633, 0.9553613066673279]",1995,7.3
63,Don't Be a Menace to South Central While Drinking Your Juice in the Hood (1996),Comedy|Crime,"Set([""Comedy"", ""Crime""])","[0.04883911460638046, 0.15906758606433868, 0.0, 0.18162979185581207, 0.06229523941874504, 0.4426517188549042, 0.19327577948570251, 0.14331059157848358, 0.011043421924114227, 0.5853039622306824, 0.0365394651889801, 0.14934676885604858, 0.8788764476776123, 0.2519867718219757, 0.43838757276535034, 0.5040398836135864, 0.0634431540966034, 0.11562363803386688, 0.09719555079936981, 0.12087859213352203, 0.6014196276664734, 0.16962391138076782, 0.0528809055685997, 0.009778399020433426, 0.44688811898231506]",1996,6.6
64,Two if by Sea (1996),Comedy|Romance,"Set([""Comedy"", ""Romance""])","[0.0, 0.3417550027370453, 0.0, 0.10398954153060913, 0.5303403735160828, 0.4291464686393738, 0.07553587108850479, 0.006670746486634016, 0.01670735329389572, 0.16576847434043884, 0.008423605002462864, 0.0, 0.42277607321739197, 0.03688123822212219, 0.35206714272499084, 0.4396924376487732, 0.06396861374378204, 0.2708594799041748, 0.14836125075817108, 0.11153823882341385, 0.2506769001483917, 0.0025512422434985638, 0.0, 0.009912178851664066, 0.7688987851142883]",1996,5.3
65,Bio-Dome (1996),Comedy,"Set([""Comedy""])","[0.0, 0.14238137006759644, 0.0, 0.043329089879989624, 0.3405199348926544, 0.7201915383338928, 0.051359158009290695, 0.0, 0.010733422823250294, 0.1715368777513504, 0.0, 0.0, 0.6572862267494202, 0.0, 0.4949396848678589, 0.5395438075065613, 0.1251365840435028, 0.01239539124071598, 0.0, 0.007474730256944895, 0.7917188405990601, 0.0, 0.0, 0.0, 0.18919941782951355]",1996,4.4
66,Lawnmower Man 2: Beyond Cyberspace (1996),Action|Sci-Fi|Thriller,"Set([""Sci-Fi"", ""Thriller"", ""Action""])","[0.0, 0.3763924241065979, 0.0, 0.08367937058210373, 0.5811900496482849, 0.8448084592819214, 0.0, 0.0, 0.030550731346011162, 0.0, 0.025856513530015945, 0.0, 0.47994866967201233, 0.0, 0.03024311736226082, 0.1233547031879425, 0.19562634825706482, 0.24823792278766632, 0.0502903088927269, 0.07143418490886688, 0.4701801836490631, 0.0, 0.002925226464867592, 0.007383136544376612, 0.44263115525245667]",1996,2.5
67,Two Bits (1995),Drama,"Set([""Drama""])","[0.08585634082555771, 0.1819188892841339, 0.1205693930387497, 0.46508273482322693, 0.34747058153152466, 0.4406493902206421, 0.4262000024318695, 0.2784458100795746, 0.05927402526140213, 0.3284790515899658, 0.1659194678068161, 0.17240504920482635, 0.3700233995914459, 0.14655233919620514, 0.42031437158584595, 0.32287341356277466, 0.13815324008464813, 0.4699907600879669, 0.15982434153556824, 0.20324258506298065, 0.17005980014801025, 0.20637771487236023, 0.12690457701683044, 0.12863557040691376, 0.8046486973762512]",1995,6.2
68,French Twist (Gazon maudit) (1995),Comedy|Romance,"Set([""Comedy"", ""Romance""])","[0.0170940849930048, 0.2121174931526184, 0.2493898868560791, 0.20968593657016754, 0.3208661377429962, 0.266402930021286, 0.368039071559906, 0.29229193925857544, 0.019311843439936638, 0.484582781791687, 0.08523605763912201, 0.0, 0.3248008191585541, 0.162859708070755, 0.5209692120552063, 0.20583704113960266, 0.030381573364138603, 0.4478600323200226, 0.32317984104156494, 0.1762322187423706, 0.042082857340574265, 0.47923630475997925, 0.12354623526334763, 0.07454919815063477, 0.8504534363746643]",1995,6.4
69,Friday (1995),Comedy,"Set([""Comedy""])","[0.053482651710510254, 0.2795366644859314, 0.1145065501332283, 0.05705791711807251, 0.0, 0.03965403512120247, 0.22651183605194092, 0.12450186908245087, 0.0, 0.4833194613456726, 0.02411860041320324, 0.37020576000213623, 0.6491397023200989, 0.330709308385849, 0.7055453658103943, 0.4839537441730499, 0.0, 0.08908123522996902, 0.04615407437086105, 0.028385426849126816, 0.5623371601104736, 0.30439430475234985, 0.05016661435365677, 0.01583615504205227, 0.7111836671829224]",1995,7.3
70,From Dusk Till Dawn (1996),Action|Comedy|Horror|Thriller,"Set([""Thriller"", ""Comedy"", ""Action"", ""Horror""])","[0.11018756777048111, 0.11797238886356354, 0.0, 0.0, 0.10231133550405502, 0.3165926933288574, 0.22085727751255035, 0.2657797038555145, 0.0033953653182834387, 0.404935359954834, 0.0, 0.4201441705226898, 0.9207087159156799, 0.18301209807395935, 0.4137279689311981, 0.15036794543266296, 0.1378343254327774, 0.15771925449371338, 0.05063224583864212, 0.0010882577626034617, 0.47909635305404663, 0.10770666599273682, 0.060455068945884705, 0.027753276750445366, 0.8212777972221375]",1996,7.2
71,Fair Game (1995),Action,"Set([""Action""])","[0.0, 0.37247148156166077, 0.0, 0.03286045417189598, 0.5668143630027771, 0.5903556942939758, 0.024684589356184006, 0.0, 0.031848132610321045, 0.0, 0.0006631116848438978, 0.0, 0.3092472553253174, 0.0, 0.07750660926103592, 0.41965577006340027, 0.08641616255044937, 0.2243141084909439, 0.0, 0.017530642449855804, 0.5946748852729797, 0.0, 0.0, 0.0, 0.6588135361671448]",1995,4.3
72,Kicking and Screaming (1995),Comedy|Drama,"Set([""Comedy"", ""Drama""])","[0.061627376824617386, 0.1604612022638321, 0.2645202875137329, 0.13150347769260406, 0.07612216472625732, 0.09049966186285019, 0.28663504123687744, 0.30857568979263306, 0.008648337796330452, 0.6370887160301208, 0.05451566353440285, 0.2702125012874603, 0.5195349454879761, 0.39881572127342224, 0.6684258580207825, 0.15897586941719055, 0.03268595039844513, 0.17400288581848145, 0.2781839668750763, 0.09123478084802628, 0.06722240149974823, 0.47357216477394104, 0.16699500381946564, 0.06082908809185028, 0.7257338166236877]",1995,6.9
73,"Misérables, Les (1995)",Drama|War,"Set([""War"", ""Drama""])","[0.03311435133218765, 0.4358089566230774, 0.32322439551353455, 0.07363683730363846, 0.6927834749221802, 0.0857354924082756, 0.471019446849823, 0.16182895004749298, 0.010218163020908833, 0.01964186318218708, 0.07387951761484146, 0.13251379132270813, 0.23775789141654968, 0.3523859679698944, 0.7130731344223022, 0.035306405276060104, 0.06612560898065567, 0.3890991508960724, 0.25535818934440613, 0.09378036111593246, 0.08717140555381775, 0.427668958902359, 0.08332421630620956, 0.07328621298074722, 0.9704203605651855]",1995,7.4
74,Bed of Roses (1996),Drama|Romance,"Set([""Romance"", ""Drama""])","[0.0, 0.3273720443248749, 0.1538267731666565, 0.09288712590932846, 0.814652144908905, 0.30795741081237793, 0.17000609636306763, 0.012969293631613255, 0.01589731127023697, 0.04516136273741722, 0.009718618355691433, 0.0, 0.21856103837490082, 0.0, 0.619549036026001, 0.4795195460319519, 0.05413733422756195, 0.4691380560398102, 0.0705503299832344, 0.013580304570496082, 0.17356270551681519, 0.05790786072611809, 0.0, 0.0016186194261536002, 0.7944660186767578]",1996,6.1
75,Big Bully (1996),Comedy|Drama,"Set([""Comedy"", ""Drama""])","[0.03210487216711044, 0.29172179102897644, 0.0, 0.43267786502838135, 0.3706808388233185, 0.8406644463539124, 0.04736357927322388, 0.05836450681090355, 0.07565101981163025, 0.1880006194114685, 0.14930695295333862, 0.0, 0.17728684842586517, 0.0, 0.34998083114624023, 0.44336721301078796, 0.11742223799228668, 0.26467299461364746, 0.012719552032649517, 0.21234208345413208, 0.43723011016845703, 0.0, 0.06483793258666992, 0.11422978341579437, 0.4575636386871338]",1996,4.7
76,Screamers (1995),Action|Sci-Fi|Thriller,"Set([""Sci-Fi"", ""Thriller"", ""Action""])","[0.1213274598121643, 0.2015930414199829, 0.016505703330039978, 0.04037425294518471, 0.2746168076992035, 0.4513508081436157, 0.1888696253299713, 0.30822518467903137, 0.012242725118994713, 0.22142314910888672, 0.04412930831313133, 0.18507252633571625, 0.5997520685195923, 0.04652096703648567, 0.21412038803100586, 0.2233542501926422, 0.21496443450450897, 0.23507638275623322, 0.11142817884683609, 0.016008948907256126, 0.4525914490222931, 0.061917610466480255, 0.13240286707878113, 0.06814388930797577, 0.855830192565918]",1995,6.4
77,Nico Icon (1995),Documentary,"Set([""Documentary""])","[0.13504658639431, 0.25295644998550415, 0.2655666470527649, 0.17340639233589172, 0.13809877634048462, 0.25444382429122925, 0.1924213469028473, 0.47379738092422485, 0.02203705906867981, 0.5479395985603333, 0.10061194002628326, 0.13720746338367462, 0.47972601652145386, 0.2571946978569031, 0.4274080693721771, 0.08740764111280441, 0.13076633214950562, 0.3926604986190796, 0.38180556893348694, 0.09382834285497665, 0.08522789925336838, 0.4792966842651367, 0.2514333128929138, 0.12956035137176514, 0.7720863819122314]",1995,7.2
78,"Crossing Guard, The (1995)",Action|Crime|Drama|Thriller,"Set([""Thriller"", ""Drama"", ""Crime"", ""Action""])","[0.09020119160413742, 0.2574741542339325, 0.18329833447933197, 0.099092036485672, 0.32388532161712646, 0.27384644746780396, 0.3542904853820801, 0.30107933282852173, 0.022986754775047302, 0.3161573112010956, 0.10583267360925674, 0.22669115662574768, 0.4916362762451172, 0.2716514766216278, 0.40759456157684326, 0.1730351597070694, 0.06592190265655518, 0.25733107328414917, 0.27142447233200073, 0.09703781455755234, 0.15669085085391998, 0.493899405002594, 0.23889587819576263, 0.07233370840549469, 0.7112531661987305]",1995,6.3
79,"Juror, The (1996)",Drama|Thriller,"Set([""Thriller"", ""Drama""])","[0.02582789957523346, 0.4864813983440399, 0.10028351843357086, 0.0, 0.6967755556106567, 0.3317272961139679, 0.25738367438316345, 0.056435976177453995, 0.03492109104990959, 0.0, 0.03531640022993088, 0.10571783035993576, 0.31082266569137573, 0.0, 0.18440212309360504, 0.4909113049507141, 0.06636064499616623, 0.25895407795906067, 0.045865438878536224, 0.010288299061357975, 0.3847208619117737, 0.11126840114593506, 0.04166611656546593, 0.01604631543159485, 0.8874875903129578]",1996,5.7
80,"White Balloon, The (Badkonake sefid) (1995)",Children|Drama,"Set([""Children"", ""Drama""])","[0.1669098287820816, 0.23084603250026703, 0.3745139539241791, 0.24197949469089508, 0.145175039768219, 0.1999378651380539, 0.3063146770000458, 0.5810016393661499, 0.041629716753959656, 0.4820668697357178, 0.22264517843723297, 0.26124680042266846, 0.2452961802482605, 0.458076536655426, 0.5686841011047363, 0.1289491206407547, 0.08484575897455215, 0.36605778336524963, 0.4389455318450928, 0.19502781331539154, 0.07133884727954865, 0.6020092368125916, 0.3925977945327759, 0.1783323734998703, 0.6787497401237488]",1995,7.7
81,Things to Do in Denver When You're Dead (1995),Crime|Drama|Romance,"Set([""Romance"", ""Drama"", ""Crime""])","[0.0030006030574440956, 0.1995333433151245, 0.0, 0.08551958203315735, 0.2379833310842514, 0.21110612154006958, 0.3930026590824127, 0.0886637344956398, 0.00018476576951798052, 0.34171709418296814, 0.0, 0.288600355386734, 0.8410313129425049, 0.22992469370365143, 0.40872928500175476, 0.14414474368095398, 0.06047767773270607, 0.2316523641347885, 0.03653144836425781, 0.06739254295825958, 0.20053526759147644, 0.35735562443733215, 0.010450812987983227, 0.0015205477830022573, 0.87965327501297]",1995,6.8
82,Antonia's Line (Antonia) (1995),Comedy|Drama,"Set([""Comedy"", ""Drama""])","[0.0, 0.1916305273771286, 0.26406675577163696, 0.19384360313415527, 0.4129438102245331, 0.011870929971337318, 0.3475438356399536, 0.2320299744606018, 0.0, 0.38863837718963623, 0.030263125896453857, 0.003038305090740323, 0.3877853453159332, 0.22020387649536133, 0.7590504884719849, 0.0, 0.02114017866551876, 0.4186520576477051, 0.4275977909564972, 0.20947813987731934, 0.0, 0.8224380016326904, 0.03134290128946304, 0.019673816859722137, 0.9851696491241455]",1995,7.4
83,Once Upon a Time... When We Were Colored (1995),Drama|Romance,"Set([""Romance"", ""Drama""])","[0.0, 0.44386041164398193, 0.1948254108428955, 0.30213919281959534, 0.31012383103370667, 0.1342228502035141, 0.34448084235191345, 0.17622414231300354, 0.0038853546138852835, 0.5257159471511841, 0.10588529706001282, 0.043156035244464874, 0.2742362916469574, 0.2703545391559601, 0.6875722408294678, 0.2590111196041107, 0.0, 0.4316933751106262, 0.35964664816856384, 0.18238170444965363, 0.053535256534814835, 0.5122699737548828, 0.13724678754806519, 0.05785910785198212, 0.811407744884491]",1995,7.0
84,Last Summer in the Hamptons (1995),Comedy|Drama,"Set([""Comedy"", ""Drama""])","[0.0, 0.30323150753974915, 0.21321560442447662, 0.35310691595077515, 0.4972042739391327, 0.30052781105041504, 0.43682563304901123, 0.1888304501771927, 0.02587457001209259, 0.6508281230926514, 0.13422133028507233, 0.0, 0.33513182401657104, 0.1516440361738205, 0.632160484790802, 0.21869134902954102, 0.04549573361873627, 0.40763917565345764, 0.3871276080608368, 0.2614653408527374, 0.043348800390958786, 0.6085952520370483, 0.18096500635147095, 0.054948415607213974, 0.48046278953552246]",1995,5.6
85,Angels and Insects (1995),Drama|Romance,"Set([""Romance"", ""Drama""])","[0.05953238159418106, 0.2472429722547531, 0.3026241958141327, 0.14691096544265747, 0.3546944558620453, 0.22104300558567047, 0.2715182900428772, 0.30441275238990784, 0.024500904604792595, 0.368958055973053, 0.11744780838489532, 0.06422676146030426, 0.3545546233654022, 0.2748746871948242, 0.4065910577774048, 0.036470502614974976, 0.06868041306734085, 0.4376010596752167, 0.4947448670864105, 0.20972780883312225, 0.04935895651578903, 0.615738570690155, 0.24517054855823517, 0.1258551925420761, 0.8433524370193481]",1995,6.8
86,White Squall (1996),Action|Adventure|Drama,"Set([""Drama"", ""Action"", ""Adventure""])","[0.035027723759412766, 0.35877034068107605, 0.15614528954029083, 0.028925731778144836, 0.5833225250244141, 0.15909060835838318, 0.34528395533561707, 0.10542989522218704, 0.022349372506141663, 0.08817008137702942, 0.04895802214741707, 0.19006478786468506, 0.26556363701820374, 0.11608920246362686, 0.5952122807502747, 0.39049768447875977, 0.058381833136081696, 0.2983216643333435, 0.09880863130092621, 0.02030060440301895, 0.32290804386138916, 0.15795797109603882, 0.05267561599612236, 0.022349365055561066, 0.9589936137199402]",1996,6.6
87,Dunston Checks In (1996),Children|Comedy,"Set([""Comedy"", ""Children""])","[0.09256945550441742, 0.586618185043335, 0.16645076870918274, 0.061500754207372665, 0.5132122039794922, 0.5814607739448547, 0.0, 0.1277163028717041, 0.08070598542690277, 0.0, 0.09090692549943924, 0.0, 0.009377412497997284, 0.04167333245277405, 0.46402275562286377, 0.3590037524700165, 0.23091807961463928, 0.3051935136318207, 0.19154706597328186, 0.06483624875545502, 0.40244752168655396, 0.0, 0.06494245678186417, 0.07743464410305023, 0.38185301423072815]",1996,5.3
88,Black Sheep (1996),Comedy,"Set([""Comedy""])","[0.02334308996796608, 0.18831969797611237, 0.0, 0.001308718346990645, 0.2304198145866394, 0.3428061008453369, 0.3184807002544403, 0.02083384059369564, 0.01858910731971264, 0.33510124683380127, 0.020157819613814354, 0.19473662972450256, 0.6356303095817566, 0.17706845700740814, 0.6934590935707092, 0.5094122886657715, 0.06089283153414726, 0.01166195422410965, 0.0, 0.012036743573844433, 0.815301775932312, 0.0, 0.013828982599079609, 0.0019063819199800491, 0.44530418515205383]",1996,6.3
89,Nick of Time (1995),Action|Thriller,"Set([""Thriller"", ""Action""])","[0.052746858447790146, 0.28960949182510376, 0.1464921236038208, 0.03853466361761093, 0.4527846872806549, 0.2882053554058075, 0.2654433250427246, 0.12537525594234467, 0.029371069744229317, 0.17704248428344727, 0.03361239656805992, 0.15969620645046234, 0.3576781749725342, 0.1062956377863884, 0.4786418676376343, 0.2846374213695526, 0.1117178350687027, 0.26919108629226685, 0.09195146709680557, 0.018104808405041695, 0.43422722816467285, 0.14012868702411652, 0.05870714411139488, 0.02762640081346035, 0.875001847743988]",1995,6.3
90,"Journey of August King, The (1995)",Drama,"Set([""Drama""])","[0.04833937808871269, 0.02517179772257805, 0.18101094663143158, 0.3942139148712158, 0.4253033697605133, 0.27210646867752075, 0.5736457109451294, 0.3869684338569641, 0.04123492166399956, 0.3562842607498169, 0.15926823019981384, 0.14626364409923553, 0.32201308012008667, 0.23831996321678162, 0.5038161277770996, 0.14056836068630219, 0.11923608928918839, 0.563488781452179, 0.2249441295862198, 0.17271515727043152, 0.025977682322263718, 0.31980574131011963, 0.14154262840747833, 0.13082705438137054, 0.8343880772590637]",1995,6.5
92,Mary Reilly (1996),Drama|Horror|Thriller,"Set([""Thriller"", ""Drama"", ""Horror""])","[0.04735996574163437, 0.3371466100215912, 0.0, 0.09764798730611801, 0.5823383331298828, 0.36704787611961365, 0.2784542143344879, 0.17095021903514862, 0.013502693735063076, 0.12711596488952637, 0.045224208384752274, 0.0457296296954155, 0.5875548124313354, 0.009279351681470871, 0.3230402171611786, 0.18636012077331543, 0.11836768686771393, 0.3665044605731964, 0.20486631989479065, 0.10454552620649338, 0.11793944239616394, 0.18392980098724365, 0.09563904255628586, 0.039121273905038834, 0.7231670618057251]",1996,5.8
93,Vampire in Brooklyn (1995),Comedy|Horror|Romance,"Set([""Comedy"", ""Romance"", ""Horror""])","[0.038522664457559586, 0.3081541955471039, 0.0, 0.05293303728103638, 0.3589346706867218, 0.6085321307182312, 0.009303290396928787, 0.03548664599657059, 0.028365973383188248, 0.20726841688156128, 0.016321340575814247, 0.0, 0.4672617018222809, 0.0, 0.33046776056289673, 0.2760940492153168, 0.17658640444278717, 0.2684439718723297, 0.04595921188592911, 0.034332141280174255, 0.5384048819541931, 0.0, 0.004070487804710865, 0.017741145566105843, 0.5882455706596375]",1995,4.6
94,Beautiful Girls (1996),Comedy|Drama|Romance,"Set([""Comedy"", ""Romance"", ""Drama""])","[0.018469033762812614, 0.25910434126853943, 0.2939228117465973, 0.0805477499961853, 0.29072991013526917, 0.11164940148591995, 0.5190812945365906, 0.13120339810848236, 0.0011583840241655707, 0.4311012923717499, 0.009694112464785576, 0.33962374925613403, 0.48537734150886536, 0.2563697397708893, 0.6733466386795044, 0.3032112717628479, 0.005535711068660021, 0.1637667715549469, 0.03705635294318199, 0.01004716195166111, 0.20468902587890625, 0.41729429364204407, 0.07401181757450104, 0.007484290283173323, 0.7849131226539612]",1996,7.1
95,Broken Arrow (1996),Action|Adventure|Thriller,"Set([""Thriller"", ""Action"", ""Adventure""])","[0.030667243525385857, 0.35722875595092773, 0.08583074808120728, 0.0, 0.4120648205280304, 0.2931552529335022, 0.060012247413396835, 0.010040164925158024, 0.021201152354478836, 0.1665811389684677, 0.001707442570477724, 0.05986179783940315, 0.29199734330177307, 0.0626685693860054, 0.36839979887008667, 0.2434777468442917, 0.08301261812448502, 0.22284232079982758, 0.06538787484169006, 0.0, 0.641457200050354, 0.023656604811549187, 0.019162509590387344, 0.02496226318180561, 1.0213788747787476]",1996,6.0
96,In the Bleak Midwinter (1995),Comedy|Drama,"Set([""Comedy"", ""Drama""])","[0.0, 0.0, 0.3089688718318939, 0.3124837279319763, 0.42249515652656555, 0.26499444246292114, 0.4704068899154663, 0.2801293134689331, 0.030455568805336952, 0.6347352266311646, 0.09660086035728455, 0.06831147521734238, 0.26831474900245667, 0.31217125058174133, 0.7789521813392639, 0.1333119422197342, 0.0478973388671875, 0.4093198776245117, 0.18796247243881226, 0.140939399600029, 0.0, 0.45819541811943054, 0.11389285326004028, 0.07578225433826447, 0.8455734848976135]",1995,7.2
97,"Hate (Haine, La) (1995)",Crime|Drama,"Set([""Drama"", ""Crime""])","[0.09882517158985138, 0.11589992046356201, 0.22968930006027222, 0.07774960249662399, 0.1947377324104309, 0.07916343957185745, 0.49933257699012756, 0.45916956663131714, 0.011607098393142223, 0.47096261382102966, 0.10698867589235306, 0.3970613181591034, 0.7076366543769836, 0.515687882900238, 0.6396878957748413, 0.036927323788404465, 0.03651448339223862, 0.15765245258808136, 0.2748940587043762, 0.07739372551441193, 0.1056651771068573, 0.6995609998703003, 0.2801890969276428, 0.09372477978467941, 0.7801422476768494]",1995,8.1
98,Shopping (1994),Action|Thriller,"Set([""Thriller"", ""Action""])","[0.05309813842177391, 0.22130829095840454, 0.0, 0.1462312936782837, 0.36175259947776794, 0.2764330208301544, 0.39732855558395386, 0.26906341314315796, 0.006739880423992872, 0.3138827979564667, 0.05654383450746536, 0.10487349331378937, 0.7625882029533386, 0.11281108856201172, 0.22290794551372528, 0.1893882304430008, 0.06157726049423218, 0.46831750869750977, 0.048738546669483185, 0.09295369684696198, 0.0, 0.3861660957336426, 0.11094274371862411, 0.0268230140209198, 0.5358032584190369]",1994,5.4
99,Heidi Fleiss: Hollywood Madam (1995),Documentary,"Set([""Documentary""])","[0.23565474152565002, 0.5692532062530518, 0.37679240107536316, 0.17790892720222473, 0.0, 0.31195497512817383, 0.0, 0.5791318416595459, 0.03425413370132446, 0.7972849011421204, 0.05102929845452309, 0.396291583776474, 0.6718122959136963, 0.2671950161457062, 0.10773587971925735, 0.34621188044548035, 0.05943318083882332, 0.23475927114486694, 0.3678797483444214, 0.16298337280750275, 0.22813193500041962, 0.4753664433956146, 0.2752668261528015, 0.15376697480678558, 0.40994253754615784]",1995,6.5
100,City Hall (1996),Drama|Thriller,"Set([""Thriller"", ""Drama""])","[0.036121927201747894, 0.3922777473926544, 0.12581078708171844, 0.01025000587105751, 0.5031750798225403, 0.1754404902458191, 0.3168511986732483, 0.09550727903842926, 0.02278352901339531, 0.1786576211452484, 0.05009929835796356, 0.18862546980381012, 0.3769623935222626, 0.2316710352897644, 0.37590423226356506, 0.22978268563747406, 0.034270405769348145, 0.1994263231754303, 0.09977905452251434, 0.04109365865588188, 0.22788390517234802, 0.3051466643810272, 0.11189430207014084, 0.03361387923359871, 0.9322060346603394]",1996,6.2
101,Bottle Rocket (1996),Adventure|Comedy|Crime|Romance,"Set([""Comedy"", ""Romance"", ""Crime"", ""Adventure""])","[0.06779083609580994, 0.17257337272167206, 0.2953972816467285, 0.10096871107816696, 0.08215294033288956, 0.06655485183000565, 0.36633333563804626, 0.37822425365448, 0.005093116778880358, 0.5477538704872131, 0.0730992928147316, 0.3871801793575287, 0.5659476518630981, 0.4751078188419342, 0.7581620216369629, 0.14872319996356964, 0.02217332273721695, 0.09057991206645966, 0.2485089749097824, 0.08036857098340988, 0.10805877298116684, 0.5760958790779114, 0.2168344110250473, 0.06429404765367508, 0.6931153535842896]",1996,7.0